<?xml version = "1.0" encoding = "UTF-8"?>

<beans xmlns = "http://www.springframework.org/schema/beans"
xmlns:context="http://www.springframework.org/schema/context"
   xmlns:tx="http://www.springframework.org/schema/tx"
   xmlns:xsi = "http://www.w3.org/2001/XMLSchema-instance"
   xsi:schemaLocation = "http://www.springframework.org/schema/beans
   http://www.springframework.org/schema/beans/spring-beans-3.0.xsd
   http://www.springframework.org/schema/context
   http://www.springframework.org/schema/context/spring-context.xsd
   http://www.springframework.org/schema/tx
   http://www.springframework.org/schema/tx/spring-tx.xsd">

	<tx:annotation-driven/>
	<context:component-scan base-package="com.cts.jf011.hibernate_template_1" />
	
   <bean id = "dmds" class = "org.springframework.jdbc.datasource.DriverManagerDataSource">
   	<property name="driverClassName" value="com.mysql.jdbc.Driver" />
      <property name = "url" value = "jdbc:mysql://localhost:3306/jf011"/>
      <property name="username" value="root" />
      <property name="password" value="" />
   </bean>
   
   <bean id="sessionFactory" class="org.springframework.orm.hibernate5.LocalSessionFactoryBean">
   	<property name="dataSource" ref="dmds" />
   	<property name="hibernateProperties">
   		<props>
   			<prop key="hibernate.dialect">org.hibernate.dialect.MySQLDialect</prop>
   			<prop key="hibernate.show_sql">true</prop>
   			<prop key="hibernate.hbm2ddl.auto">update</prop>
   		</props>
   	</property>
   	<property name="annotatedClasses">
   		<list>
   			<value>com.cts.jf011.hibernate_template_1.entity.Branch</value>
   		</list>
   	</property>
   </bean>	
   
   <bean id="ht" class="org.springframework.orm.hibernate5.HibernateTemplate" >
   	<property name="sessionFactory" >
   	<ref bean="sessionFactory" />
   	</property>
   </bean>
   
   <bean name="transactionManager" class="org.springframework.orm.hibernate5.HibernateTransactionManager">
   <property name="sessionFactory" ref="sessionFactory" />
   </bean>
   
   <bean name="bdao" class="com.cts.jf011.hibernate_template_1.dao.BranchDaoImpl" autowire="byName">
   	<!-- <property name="ht" ref="ht" /> -->
   </bean>
   
</beans>